USE ebay_db;

INSERT INTO Address (ADDRESS_ID, STREET, CITY, STATE, ZIP_CODE, COUNTRY) VALUES
(1, '123 Main St', 'New York', 'NY', '10001', 'USA'),
(2, '456 Oak St', 'San Francisco', 'CA', '94105', 'USA'),
(3, '789 Maple Ave', 'Chicago', 'IL', '60605', 'USA'),
(4, '101 Pine St', 'Los Angeles', 'CA', '90001', 'USA'),
(5, '102 Elm St', 'Houston', 'TX', '77001', 'USA'),
(6, '103 Birch Ave', 'Phoenix', 'AZ', '85001', 'USA'),
(7, '104 Cedar St', 'Philadelphia', 'PA', '19019', 'USA'),
(8, '105 Walnut Ave', 'San Diego', 'CA', '92101', 'USA'),
(9, '106 Spruce St', 'Dallas', 'TX', '75201', 'USA'),
(10, '107 Fir Ave', 'San Jose', 'CA', '95101', 'USA'),
(11, '108 Ash St', 'Austin', 'TX', '73301', 'USA'),
(12, '109 Beech St', 'Seattle', 'WA', '98101', 'USA'),
(13, '110 Cedar Ave', 'Miami', 'FL', '33101', 'USA'),
(14, '111 Maple Dr', 'Boston', 'MA', '02101', 'USA'),
(15, '112 Oak Blvd', 'Portland', 'OR', '97201', 'USA'),
(16, '113 Pine Ln', 'Denver', 'CO', '80201', 'USA'),
(17, '114 Spruce Ct', 'Las Vegas', 'NV', '89101', 'USA'),
(18, '115 Walnut St', 'Atlanta', 'GA', '30301', 'USA'),
(19, '116 Birch Dr', 'Orlando', 'FL', '32801', 'USA'),
(20, '117 Elm Blvd', 'New Orleans', 'LA', '70112', 'USA'),
(21, '118 Maple Ct', 'Memphis', 'TN', '38101', 'USA'),
(22, '119 Oak Ave', 'Charlotte', 'NC', '28201', 'USA'),
(23, '120 Pine St', 'Cleveland', 'OH', '44101', 'USA'),
(24, '121 Spruce Ave', 'St. Louis', 'MO', '63101', 'USA'),
(25, '122 Fir Dr', 'Kansas City', 'MO', '64101', 'USA'),
(26, '123 Cedar St', 'Indianapolis', 'IN', '46201', 'USA'),
(27, '124 Maple Blvd', 'Columbus', 'OH', '43201', 'USA'),
(28, '125 Oak Ln', 'Jacksonville', 'FL', '32201', 'USA'),
(29, '126 Pine Ct', 'San Antonio', 'TX', '78201', 'USA'),
(30, '127 Spruce Dr', 'Nashville', 'TN', '37201', 'USA'),
(31, '128 Walnut St', 'Oklahoma City', 'OK', '73101', 'USA'),
(32, '129 Birch Ave', 'Louisville', 'KY', '40201', 'USA'),
(33, '130 Elm St', 'Milwaukee', 'WI', '53201', 'USA'),
(34, '131 Maple Dr', 'Baltimore', 'MD', '21201', 'USA'),
(35, '132 Oak St', 'Washington', 'DC', '20001', 'USA'),
(36, '133 Pine St', 'Virginia Beach', 'VA', '23450', 'USA'),
(37, '134 Spruce Ave', 'Raleigh', 'NC', '27601', 'USA'),
(38, '135 Fir St', 'Omaha', 'NE', '68101', 'USA'),
(39, '136 Cedar Dr', 'Miami', 'FL', '33101', 'USA'),
(40, '137 Maple Ln', 'Sacramento', 'CA', '94203', 'USA'),
(41, '138 Oak Ave', 'Tucson', 'AZ', '85701', 'USA'),
(42, '139 Pine Blvd', 'Mesa', 'AZ', '85201', 'USA'),
(43, '140 Spruce Ct', 'Colorado Springs', 'CO', '80901', 'USA'),
(44, '141 Fir Ave', 'Albuquerque', 'NM', '87101', 'USA'),
(45, '142 Cedar Blvd', 'Fresno', 'CA', '93701', 'USA'),
(46, '143 Maple Ct', 'Long Beach', 'CA', '90801', 'USA'),
(47, '144 Oak Dr', 'Miami', 'FL', '33101', 'USA'),
(48, '145 Pine Ln', 'Kansas City', 'MO', '64101', 'USA'),
(49, '146 Spruce St', 'Arlington', 'TX', '76001', 'USA'),
(50, '147 Fir Ave', 'Tampa', 'FL', '33601', 'USA');

INSERT INTO Customer (CUSTOMER_ID, USERNAME, PASSWORD, FIRST_NAME, LAST_NAME, EMAIL, PHONE, ADDRESS_ID) VALUES
(1, 'user1', 'pass1', 'John', 'Doe', 'john.doe1@example.com', '555-1234', 1),
(2, 'user2', 'pass2', 'Jane', 'Smith', 'jane.smith1@example.com', '555-5678', 2),
(3, 'user3', 'pass3', 'Jim', 'Brown', 'jim.brown1@example.com', '555-8765', 3),
(4, 'user4', 'pass4', 'Jill', 'White', 'jill.white1@example.com', '555-4321', 4),
(5, 'user5', 'pass5', 'Jake', 'Green', 'jake.green1@example.com', '555-1111', 5),
(6, 'user6', 'pass6', 'Julia', 'Black', 'julia.black1@example.com', '555-2222', 6),
(7, 'user7', 'pass7', 'Jeremy', 'Blue', 'jeremy.blue1@example.com', '555-3333', 7),
(8, 'user8', 'pass8', 'Jasmine', 'Yellow', 'jasmine.yellow1@example.com', '555-4444', 8),
(9, 'user9', 'pass9', 'Jack', 'Purple', 'jack.purple1@example.com', '555-5555', 9),
(10, 'user10', 'pass10', 'Judy', 'Gray', 'judy.gray1@example.com', '555-6666', 10),
(11, 'user11', 'pass11', 'Chris', 'Martin', 'chris.martin1@example.com', '555-7777', 11),
(12, 'user12', 'pass12', 'Patricia', 'Johnson', 'patricia.johnson1@example.com', '555-8888', 12),
(13, 'user13', 'pass13', 'Michael', 'Williams', 'michael.williams1@example.com', '555-9999', 13),
(14, 'user14', 'pass14', 'Linda', 'Jones', 'linda.jones1@example.com', '555-1010', 14),
(15, 'user15', 'pass15', 'Robert', 'Garcia', 'robert.garcia1@example.com', '555-1112', 15),
(16, 'user16', 'pass16', 'Barbara', 'Miller', 'barbara.miller1@example.com', '555-1213', 16),
(17, 'user17', 'pass17', 'James', 'Davis', 'james.davis1@example.com', '555-1314', 17),
(18, 'user18', 'pass18', 'Elizabeth', 'Rodriguez', 'elizabeth.rodriguez1@example.com', '555-1415', 18),
(19, 'user19', 'pass19', 'David', 'Martinez', 'david.martinez1@example.com', '555-1516', 19),
(20, 'user20', 'pass20', 'Jennifer', 'Hernandez', 'jennifer.hernandez1@example.com', '555-1617', 20),
(21, 'user21', 'pass21', 'Richard', 'Lopez', 'richard.lopez1@example.com', '555-1718', 21),
(22, 'user22', 'pass22', 'Susan', 'Gonzalez', 'susan.gonzalez1@example.com', '555-1819', 22),
(23, 'user23', 'pass23', 'Joseph', 'Wilson', 'joseph.wilson1@example.com', '555-1920', 23),
(24, 'user24', 'pass24', 'Jessica', 'Anderson', 'jessica.anderson1@example.com', '555-2021', 24),
(25, 'user25', 'pass25', 'Thomas', 'Thomas', 'thomas.thomas1@example.com', '555-2122', 25),
(26, 'user26', 'pass26', 'Sarah', 'Taylor', 'sarah.taylor1@example.com', '555-2223', 26),
(27, 'user27', 'pass27', 'Charles', 'Moore', 'charles.moore1@example.com', '555-2324', 27),
(28, 'user28', 'pass28', 'Karen', 'Jackson', 'karen.jackson1@example.com', '555-2425', 28),
(29, 'user29', 'pass29', 'Daniel', 'Martin', 'daniel.martin1@example.com', '555-2526', 29),
(30, 'user30', 'pass30', 'Nancy', 'Lee', 'nancy.lee1@example.com', '555-2627', 30),
(31, 'user31', 'pass31', 'Paul', 'Perez', 'paul.perez1@example.com', '555-2728', 31),
(32, 'user32', 'pass32', 'Lisa', 'Thompson', 'lisa.thompson1@example.com', '555-2829', 32),
(33, 'user33', 'pass33', 'Mark', 'White', 'mark.white1@example.com', '555-2930', 33),
(34, 'user34', 'pass34', 'Mary', 'Harris', 'mary.harris1@example.com', '555-3031', 34),
(35, 'user35', 'pass35', 'Steven', 'Sanchez', 'steven.sanchez1@example.com', '555-3132', 35),
(36, 'user36', 'pass36', 'Karen', 'Clark', 'karen.clark1@example.com', '555-3233', 36),
(37, 'user37', 'pass37', 'George', 'Ramirez', 'george.ramirez1@example.com', '555-3334', 37),
(38, 'user38', 'pass38', 'Donna', 'Lewis', 'donna.lewis1@example.com', '555-3435', 38),
(39, 'user39', 'pass39', 'Kenneth', 'Robinson', 'kenneth.robinson1@example.com', '555-3536', 39),
(40, 'user40', 'pass40', 'Melissa', 'Walker', 'melissa.walker1@example.com', '555-3637', 40),
(41, 'user41', 'pass41', 'Brian', 'Young', 'brian.young1@example.com', '555-3738', 41),
(42, 'user42', 'pass42', 'Laura', 'Allen', 'laura.allen1@example.com', '555-3839', 42),
(43, 'user43', 'pass43', 'Edward', 'King', 'edward.king1@example.com', '555-3940', 43),
(44, 'user44', 'pass44', 'Emily', 'Wright', 'emily.wright1@example.com', '555-4041', 44),
(45, 'user45', 'pass45', 'Joshua', 'Scott', 'joshua.scott1@example.com', '555-4142', 45),
(46, 'user46', 'pass46', 'Angela', 'Torres', 'angela.torres1@example.com', '555-4243', 46),
(47, 'user47', 'pass47', 'Kevin', 'Nguyen', 'kevin.nguyen1@example.com', '555-4344', 47),
(48, 'user48', 'pass48', 'Rebecca', 'Hill', 'rebecca.hill1@example.com', '555-4445', 48),
(49, 'user49', 'pass49', 'Eric', 'Flores', 'eric.flores1@example.com', '555-4546', 49),
(50, 'user50', 'pass50', 'Michelle', 'Green', 'michelle.green1@example.com', '555-4647', 50);

INSERT INTO Category (CATEGORY_ID, NAME, DESCRIPTION) VALUES
(1, 'Electronics', 'Devices and gadgets'),
(2, 'Books', 'Various genres of books'),
(3, 'Clothing', 'Apparel and accessories'),
(4, 'Home', 'Home and kitchen products'),
(5, 'Sports', 'Sports equipment and gear'),
(6, 'Toys', 'Children’s toys and games'),
(7, 'Health', 'Health and wellness products'),
(8, 'Beauty', 'Beauty and personal care'),
(9, 'Automotive', 'Car accessories and parts'),
(10, 'Garden', 'Gardening tools and supplies'),
(11, 'Office Supplies', 'Stationery and office equipment'),
(12, 'Pet Supplies', 'Products for pets'),
(13, 'Groceries', 'Food and beverages'),
(14, 'Furniture', 'Home and office furniture'),
(15, 'Music', 'Musical instruments and accessories'),
(16, 'Movies', 'DVDs and Blu-rays'),
(17, 'Video Games', 'Gaming consoles and games'),
(18, 'Jewelry', 'Watches and jewelry'),
(19, 'Art', 'Art supplies and works'),
(20, 'Crafts', 'Crafting supplies and tools'),
(21, 'Baby', 'Products for babies and toddlers'),
(22, 'Fitness', 'Exercise and fitness equipment'),
(23, 'Travel', 'Travel accessories'),
(24, 'Outdoors', 'Camping and outdoor gear'),
(25, 'Industrial', 'Industrial supplies and tools');

INSERT INTO Product (PRODUCT_ID, NAME, DESCRIPTION, PRICE, STOCK, CATEGORY_ID) VALUES
(1, 'Smartphone', 'Latest model smartphone', 699.99, 50, 1),
(2, 'Laptop', 'High performance laptop', 1199.99, 30, 1),
(3, 'Book A', 'Interesting novel', 19.99, 100, 2),
(4, 'Book B', 'Inspirational story', 14.99, 150, 2),
(5, 'Jeans', 'Comfortable jeans', 39.99, 200, 3),
(6, 'T-shirt', 'Casual t-shirt', 9.99, 300, 3),
(7, 'Blender', 'High-speed blender', 49.99, 60, 4),
(8, 'Microwave', 'Compact microwave oven', 89.99, 40, 4),
(9, 'Soccer Ball', 'Official size soccer ball', 19.99, 100, 5),
(10, 'Tennis Racket', 'Professional tennis racket', 119.99, 20, 5),
(11, 'Headphones', 'Noise-cancelling headphones', 199.99, 45, 1),
(12, 'E-book Reader', 'Portable e-book reader', 129.99, 60, 1),
(13, 'Book C', 'Science fiction novel', 24.99, 80, 2),
(14, 'Book D', 'Historical drama', 22.99, 70, 2),
(15, 'Jacket', 'Warm winter jacket', 89.99, 150, 3),
(16, 'Sneakers', 'Comfortable running sneakers', 69.99, 220, 3),
(17, 'Mixer', 'Stand mixer with multiple attachments', 79.99, 55, 4),
(18, 'Toaster', '4-slice toaster with defrost function', 34.99, 65, 4),
(19, 'Basketball', 'Official size basketball', 24.99, 90, 5),
(20, 'Baseball Glove', 'Leather baseball glove', 59.99, 30, 5),
(21, 'Smartwatch', 'Fitness tracking smartwatch', 249.99, 50, 1),
(22, 'Tablet', '10-inch Android tablet', 299.99, 35, 1),
(23, 'Book E', 'Fantasy adventure novel', 18.99, 110, 2),
(24, 'Book F', 'Mystery thriller', 21.99, 90, 2),
(25, 'Dress', 'Elegant evening dress', 99.99, 75, 3),
(26, 'Socks', 'Pack of 10 pairs of socks', 14.99, 400, 3),
(27, 'Coffee Maker', 'Automatic coffee maker with grinder', 149.99, 40, 4),
(28, 'Air Fryer', 'Compact air fryer', 69.99, 50, 4),
(29, 'Football', 'Official size football', 29.99, 85, 5),
(30, 'Golf Clubs', 'Set of 10 golf clubs', 399.99, 15, 5),
(31, 'Camera', 'Digital SLR camera', 599.99, 25, 1),
(32, 'Printer', 'Wireless color printer', 129.99, 45, 1),
(33, 'Book G', 'Self-help book', 15.99, 120, 2),
(34, 'Book H', 'Cookbook', 12.99, 130, 2),
(35, 'Hat', 'Stylish hat', 24.99, 180, 3),
(36, 'Scarf', 'Warm winter scarf', 19.99, 200, 3),
(37, 'Vacuum Cleaner', 'Bagless vacuum cleaner', 99.99, 30, 4),
(38, 'Dishwasher', 'Energy-efficient dishwasher', 499.99, 20, 4),
(39, 'Yoga Mat', 'Non-slip yoga mat', 24.99, 100, 5),
(40, 'Dumbbells', 'Set of adjustable dumbbells', 79.99, 25, 5),
(41, 'Smart Speaker', 'Voice-controlled smart speaker', 49.99, 55, 1),
(42, 'Monitor', '27-inch 4K monitor', 299.99, 35, 1),
(43, 'Book I', 'Biography', 16.99, 95, 2),
(44, 'Book J', 'Poetry collection', 14.99, 85, 2),
(45, 'Suit', 'Men’s formal suit', 199.99, 70, 3),
(46, 'Gloves', 'Winter gloves', 24.99, 150, 3),
(47, 'Slow Cooker', '7-quart slow cooker', 49.99, 40, 4),
(48, 'Refrigerator', 'Double-door refrigerator', 899.99, 15, 4),
(49, 'Helmet', 'Cycling helmet', 39.99, 60, 5),
(50, 'Tent', '4-person camping tent', 149.99, 20, 5);

INSERT INTO ProductReview (REVIEW_ID, CUSTOMER_ID, PRODUCT_ID, RATING, REVIEW_TEXT) VALUES
(1, 1, 1, 5,	'Excellent product!'),
(2, 2, 2, 4,	'Very good performance.'),
(3, 3, 3, 3,	'Average read.'),
(4, 4, 4, 5,	'Inspirational story.'),
(5, 5, 5, 4,	'Very comfortable.'),
(6, 6, 6, 3,	'Just okay.'),
(7, 7, 7, 5,	'Highly recommend!'),
(8, 8, 8, 4,	'Works well.'),
(9, 9, 9, 5,	'Great for playing.'),
(10, 10, 10, 4, 'Excellent quality.'),
(11, 11, 11, 4, 'Good sound quality.'),
(12, 12, 12, 5, 'Love the features.'),
(13, 13, 13, 3, 'Not what I expected.'),
(14, 14, 14, 4, 'Nice storyline.'),
(15, 15, 15, 5, 'Warm and cozy.'),
(16, 16, 16, 4, 'Comfortable fit.'),
(17, 17, 17, 5, 'Great kitchen aid.'),
(18, 18, 18, 4, 'Toasts perfectly.'),
(19, 19, 19, 5, 'Great quality.'),
(20, 20, 20, 4, 'Very sturdy.'),
(21, 21, 21, 5, 'Highly functional.'),
(22, 22, 22, 3, 'Average performance.'),
(23, 23, 23, 4, 'Enjoyed the story.'),
(24, 24, 24, 5, 'A thrilling read.'),
(25, 25, 25, 4, 'Beautiful dress.'),
(26, 26, 26, 3, 'Just average.'),
(27, 27, 27, 5, 'Brews perfect coffee.'),
(28, 28, 28, 4, 'Cooks evenly.'),
(29, 29, 29, 5, 'Excellent for training.'),
(30, 30, 30, 4, 'Great set.'),
(31, 31, 31, 4, 'Captures great photos.'),
(32, 32, 32, 5, 'Easy to use.'),
(33, 33, 33, 3, 'Decent book.'),
(34, 34, 34, 4, 'Good recipes.'),
(35, 35, 35, 5, 'Stylish hat.'),
(36, 36, 36, 4, 'Warm and comfy.'),
(37, 37, 37, 5, 'Powerful suction.'),
(38, 38, 38, 4, 'Cleans well.'),
(39, 39, 39, 5, 'Perfect for yoga.'),
(40, 40, 40, 4, 'Sturdy build.'),
(41, 41, 41, 4, 'Great sound quality.'),
(42, 42, 42, 5, 'Bright display.'),
(43, 43, 43, 3, 'Well written.'),
(44, 44, 44, 4, 'Beautiful collection.'),
(45, 45, 45, 5, 'Elegant suit.'),
(46, 46, 46, 4, 'Warm gloves.'),
(47, 47, 47, 5, 'Cooks perfectly.'),
(48, 48, 48, 4, 'Spacious fridge.'),
(49, 49, 49, 5, 'Safety first.'),
(50, 50, 50, 4, 'Great for camping.');

INSERT INTO OrderInfo (ORDER_ID, CUSTOMER_ID, ORDER_DATE, STATUS, TOTAL_AMOUNT) VALUES
(1, 1, '2024-12-01 10:00:00', 'Shipped', 719.98),
(2, 2, '2024-12-02 11:00:00', 'Delivered', 1234.98),
(3, 3, '2024-12-03 12:00:00', 'Processing', 39.98),
(4, 4, '2024-12-04 13:00:00', 'Cancelled', 14.99),
(5, 5, '2024-12-05 14:00:00', 'Returned', 79.98),
(6, 6, '2024-12-06 15:00:00', 'Shipped', 9.99),
(7, 7, '2024-12-07 16:00:00', 'Delivered', 49.99),
(8, 8, '2024-12-08 17:00:00', 'Processing', 89.99),
(9, 9, '2024-12-09 18:00:00', 'Shipped', 19.99),
(10, 10, '2024-12-10 19:00:00', 'Delivered', 119.99),
(11, 11, '2024-12-11 10:00:00', 'Processing', 199.99),
(12, 12, '2024-12-12 11:00:00', 'Delivered', 129.99),
(13, 13, '2024-12-13 12:00:00', 'Shipped', 24.99),
(14, 14, '2024-12-14 13:00:00', 'Cancelled', 22.99),
(15, 15, '2024-12-15 14:00:00', 'Returned', 89.99),
(16, 16, '2024-12-16 15:00:00', 'Processing', 69.99),
(17, 17, '2024-12-17 16:00:00', 'Shipped', 79.99),
(18, 18, '2024-12-18 17:00:00', 'Delivered', 34.99),
(19, 19, '2024-12-19 18:00:00', 'Processing', 24.99),
(20, 20, '2024-12-20 19:00:00', 'Shipped', 59.99),
(21, 21, '2024-12-21 10:00:00', 'Delivered', 249.99),
(22, 22, '2024-12-22 11:00:00', 'Processing', 299.99),
(23, 23, '2024-12-23 12:00:00', 'Shipped', 18.99),
(24, 24, '2024-12-24 13:00:00', 'Cancelled', 21.99),
(25, 25, '2024-12-25 14:00:00', 'Returned', 99.99),
(26, 26, '2024-12-26 15:00:00', 'Processing', 14.99),
(27, 27, '2024-12-27 16:00:00', 'Shipped', 149.99),
(28, 28, '2024-12-28 17:00:00', 'Delivered', 69.99),
(29, 29, '2024-12-29 18:00:00', 'Processing', 29.99),
(30, 30, '2024-12-30 19:00:00', 'Shipped', 399.99),
(31, 31, '2024-12-31 10:00:00', 'Delivered', 599.99),
(32, 32, '2025-01-01 11:00:00', 'Processing', 129.99),
(33, 33, '2025-01-02 12:00:00', 'Shipped', 15.99),
(34, 34, '2025-01-03 13:00:00', 'Cancelled', 12.99),
(35, 35, '2025-01-04 14:00:00', 'Returned', 24.99),
(36, 36, '2025-01-05 15:00:00', 'Processing', 19.99),
(37, 37, '2025-01-06 16:00:00', 'Shipped', 99.99),
(38, 38, '2025-01-07 17:00:00', 'Delivered', 499.99),
(39, 39, '2025-01-08 18:00:00', 'Processing', 24.99),
(40, 40, '2025-01-09 19:00:00', 'Shipped', 79.99),
(41, 41, '2025-01-10 10:00:00', 'Delivered', 49.99),
(42, 42, '2025-01-11 11:00:00', 'Processing', 299.99),
(43, 43, '2025-01-12 12:00:00', 'Shipped', 14.99),
(44, 44, '2025-01-13 13:00:00', 'Cancelled', 119.99),
(45, 45, '2025-01-14 14:00:00', 'Returned', 24.99),
(46, 46, '2025-01-15 15:00:00', 'Processing', 49.99),
(47, 47, '2025-01-16 16:00:00', 'Shipped', 149.99),
(48, 48, '2025-01-17 17:00:00', 'Delivered', 899.99),
(49, 49, '2025-01-18 18:00:00', 'Processing', 39.99),
(50, 50, '2025-01-19 19:00:00', 'Shipped', 149.99);

INSERT INTO OrderItem (ORDER_ITEM_ID, ORDER_ID, PRODUCT_ID, UNIT_PRICE, QUANTITY, TOTAL_PRICE) VALUES
(1, 1, 1, 699.99, 1, 699.99),
(2, 1, 9, 19.99, 2, 39.98),
(3, 2, 2, 1199.99, 1, 1199.99),
(4, 2, 10, 119.99, 2, 239.98),
(5, 3, 3, 19.99, 1, 19.99),
(6, 3, 4, 14.99, 1, 14.99),
(7, 4, 5, 39.99, 2, 79.98),
(8, 5, 6, 9.99, 3, 29.97),
(9, 6, 7, 49.99, 1, 49.99),
(10, 7, 8, 89.99, 1, 89.99),
(11, 8, 9, 19.99, 1, 19.99),
(12, 9, 10, 119.99, 1, 119.99),
(13, 10, 11, 199.99, 1, 199.99),
(14, 11, 12, 129.99, 2, 259.98),
(15, 12, 13, 24.99, 1, 24.99),
(16, 12, 14, 22.99, 1, 22.99),
(17, 13, 15, 89.99, 1, 89.99),
(18, 14, 16, 69.99, 1, 69.99),
(19, 15, 17, 79.99, 2, 159.98),
(20, 15, 18, 34.99, 1, 34.99),
(21, 16, 19, 24.99, 2, 49.98),
(22, 17, 20, 59.99, 1, 59.99),
(23, 18, 21, 249.99, 1, 249.99),
(24, 18, 22, 299.99, 1, 299.99),
(25, 19, 23, 18.99, 1, 18.99),
(26, 20, 24, 21.99, 1, 21.99),
(27, 21, 25, 99.99, 1, 99.99),
(28, 22, 26, 14.99, 3, 44.97),
(29, 23, 27, 149.99, 1, 149.99),
(30, 24, 28, 69.99, 1, 69.99),
(31, 25, 29, 29.99, 2, 59.98),
(32, 26, 30, 399.99, 1, 399.99),
(33, 27, 31, 599.99, 1, 599.99),
(34, 28, 32, 129.99, 2, 259.98),
(35, 29, 33, 15.99, 1, 15.99),
(36, 30, 34, 12.99, 1, 12.99),
(37, 31, 35, 24.99, 1, 24.99),
(38, 32, 36, 19.99, 2, 39.98),
(39, 33, 37, 99.99, 1, 99.99),
(40, 34, 38, 499.99, 1, 499.99),
(41, 35, 39, 24.99, 3, 74.97),
(42, 36, 40, 79.99, 1, 79.99),
(43, 37, 41, 49.99, 2, 99.98),
(44, 38, 42, 299.99, 1, 299.99),
(45, 39, 43, 14.99, 1, 14.99),
(46, 40, 44, 119.99, 1, 119.99),
(47, 41, 45, 24.99, 2, 49.98),
(48, 42, 46, 49.99, 2, 99.98),
(49, 43, 47, 149.99, 1, 149.99),
(50, 44, 48, 899.99, 1, 899.99);

INSERT INTO Payment (PAYMENT_ID, ORDER_ID, METHOD, TOTAL_AMOUNT, DATE) VALUES
(1, 1, 'Credit Card', 739.97, '2024-12-01 10:00:00'),
(2, 2, 'PayPal', 1439.97, '2024-12-02 11:00:00'),
(3, 3, 'Credit Card', 34.98, '2024-12-03 12:00:00'),
(4, 4, 'Debit Card', 14.99, '2024-12-04 13:00:00'),
(5, 5, 'Credit Card', 109.95, '2024-12-05 14:00:00'),
(6, 6, 'PayPal', 49.99, '2024-12-06 15:00:00'),
(7, 7, 'Debit Card', 89.99, '2024-12-07 16:00:00'),
(8, 8, 'Credit Card', 19.99, '2024-12-08 17:00:00'),
(9, 9, 'PayPal', 89.99, '2024-12-09 18:00:00'),
(10, 10, 'Credit Card', 34.99, '2024-12-10 19:00:00'),
(11, 11, 'Debit Card', 199.99, '2024-12-11 10:00:00'),
(12, 12, 'Credit Card', 384.97, '2024-12-12 11:00:00'),
(13, 13, 'PayPal', 22.99, '2024-12-13 12:00:00'),
(14, 14, 'Debit Card', 17.99, '2024-12-14 13:00:00'),
(15, 15, 'Credit Card', 79.98, '2024-12-15 14:00:00'),
(16, 16, 'PayPal', 189.98, '2024-12-16 15:00:00'),
(17, 17, 'Credit Card', 34.98, '2024-12-17 16:00:00'),
(18, 18, 'Debit Card', 99.99, '2024-12-18 17:00:00'),
(19, 19, 'Credit Card', 64.97, '2024-12-19 18:00:00'),
(20, 20, 'PayPal', 999.99, '2024-12-20 19:00:00'),
(21, 21, 'Debit Card', 249.99, '2024-12-21 10:00:00'),
(22, 22, 'Credit Card', 254.97, '2024-12-22 11:00:00'),
(23, 23, 'PayPal', 79.98, '2024-12-23 12:00:00'),
(24, 24, 'Debit Card', 54.97, '2024-12-24 13:00:00'),
(25, 25, 'Credit Card', 299.99, '2024-12-25 14:00:00'),
(26, 26, 'PayPal', 209.98, '2024-12-26 15:00:00'),
(27, 27, 'Credit Card', 14.99, '2024-12-27 16:00:00'),
(28, 28, 'Debit Card', 439.98, '2024-12-28 17:00:00'),
(29, 29, 'Credit Card', 249.99, '2024-12-29 18:00:00'),
(30, 30, 'PayPal', 124.97, '2024-12-30 19:00:00'),
(31, 31, 'Debit Card', 79.99, '2024-12-31 10:00:00'),
(32, 32, 'Credit Card', 444.98, '2025-01-01 11:00:00'),
(33, 33, 'PayPal', 199.99, '2025-01-02 12:00:00'),
(34, 34, 'Debit Card', 34.99, '2025-01-03 13:00:00'),
(35, 35, 'Credit Card', 799.99, '2025-01-04 14:00:00'),
(36, 36, 'PayPal', 299.98, '2025-01-05 15:00:00'),
(37, 37, 'Credit Card', 239.97, '2025-01-06 16:00:00'),
(38, 38, 'Debit Card', 24.99, '2025-01-07 17:00:00'),
(39, 39, 'Credit Card', 479.98, '2025-01-08 18:00:00'),
(40, 40, 'PayPal', 99.99, '2025-01-09 19:00:00'),
(41, 41, 'Debit Card', 349.98, '2025-01-10 10:00:00'),
(42, 42, 'Credit Card', 149.99, '2025-01-11 11:00:00'),
(43, 43, 'PayPal', 59.98, '2025-01-12 12:00:00'),
(44, 44, 'Debit Card', 24.99, '2025-01-13 13:00:00'),
(45, 45, 'Credit Card', 149.99, '2025-01-14 14:00:00'),
(46, 46, 'PayPal', 499.99, '2025-01-15 15:00:00'),
(47, 47, 'Debit Card', 59.99, '2025-01-16 16:00:00'),
(48, 48, 'Credit Card', 749.98, '2025-01-17 17:00:00'),
(49, 49, 'PayPal', 24.99, '2025-01-18 18:00:00'),
(50, 50, 'Debit Card', 149.99, '2025-01-19 19:00:00');
